,SEGUNDA,,,,,,TERCA,,,,,,QUARTA,,,,,,QUINTA,,,,,,SEXTA,,,,
,SALA,DISC,PROF,CAT,PER (ant;novo),,SALA,DISC,PROF,CAT,PER (ant;novo),,SALA,DISC,PROF,CAT,PER (ant;novo),,SALA,DISC,PROF,CAT,PER (ant;novo),,SALA,DISC,PROF,CAT,PER (ant;novo)
7,,,,,,,pre,basquete-fem,outro,opt-geral,-;-,,,,,,,,pre,basquete-fem,outro,opt-geral,-;-,,cd107,projeto-redes,peter,opt-especifica,-;-
,,,,,,,cd107,projeto-redes,peter,opt-especifica,-;-,,,,,,,,pre,sociologia,outro,opt-geral,-;-,,,,,,
,,,,,,,,,,,,,,,,,,,,,,,,,,,,,
,,,,,,,,,,,,,,,,,,,,,,,,,,,,,
8,re04,eda-t1,adalberto,obrigatoria,3;3,,re08,ic-t2,carlos,obrigatoria,1;1,,re08,bd2,carlos,obrigatoria,6;-,,pre,fmcc2-t2,eanes,obrigatoria,-;2,,pre,fmcc1-t1,cwilson,obrigatoria,-;1
,pre,prog1-t2,dalton,obrigatoria,1;1,,re04,eda-t2,joao,obrigatoria,3;3,,re04,compiladores,franklin,obrigatoria,5;7,,lcc3b,labprog1-t2,dalton,obrigatoria,1;1,,pre,fmcc1-t2,eanes,obrigatoria,-;1
,pre/lcc2,bd1-t2,campelo,obrigatoria,5;4,,pre,ic-t1,joseana,obrigatoria,1;1,,cd107,fpcc3,leandro,pos-graduacao,-,,lcc3c,labprog1-t3,joao,obrigatoria,1;1,,pre,percepcao-comp,herman,opt-especifica,-;-
,,,,,,,lcc3a,labprog2-t1,livia,obrigatoria,2;2,,pre,prog2-t1,livia,obrigatoria,2;2,,lcc3a,labprog1-t1,jorge,obrigatoria,1;1,,pre,oac,joseana,obrigatoria,4;4
,pre,ingles,outro,opt-geral,-;-,,pre,cnum-t2,bruno,outros-cursos,-,,pre,prog2-t2,matheus,obrigatoria,2;2,,cd107,adsd,reinaldo,obrigatoria/opt-especifica,7;-,,pre,tecprogdee-t1,eustaquio,outros-cursos,-
,,,,,,,re01,icc-t1,roberto,outros-cursos,-,,pre,logica,tiago,obrigatoria,4;3,,pre,icc-t5,marcus,outros-cursos,-,,cd105,grafos-t2,patricia,obrigatoria,2;3
,pre,prog1-t1,jorge,obrigatoria,1;1,,lcc3c,labprog2-t3,matheus/raquel,obrigatoria,2;2,,pre,administracao-t3,adm,opt-geral,-;-,,pre,fmcc2-t1,thiago,obrigatoria,-;2,,cd107,projeto-redes,peter,opt-especifica,-;-
,cd105,msn,antao,obrigatoria/opt-especifica,7;-,,cd107,irc,peter,obrigatoria/opt-especifica,6;-,,pre,lpt,letras,obrigatoria,1;-,,lcc3d,labprog1-t4,wilkerson,obrigatoria,1;1,,re02,empreendedorismo,robert,outros-cursos,-
,lcc1,rec-informacao,leandro,opt-especifica,-;-,,pre,redes,reinaldo,obrigatoria,5;5,,pre,lingua-portuguesa,letras,obrigatoria,-;1,,pre,basquete-mas,outro,opt-geral,-;-,,pre,atal,tiago,obrigatoria,5;7
,pre,ipdee-t2,marcelo,outros-cursos,-,,pre,basquete-mas,outro,opt-geral,-;-,,,,,,,,pre,calculo1-t2,mat,obrigatoria,1;2,,,,,,
,pre,ipdee-t1,marcus,outros-cursos,-,,re16,loac-t3,elmar,obrigatoria,4;4,,,,,,,,pre,estatistica-aplicada,outro,obrigatoria,4;5,,,,,,
,cd107,fpcc2,nazareno,pos-graduacao,-,,,,,,,,,,,,,,pre,intro-prob-tx,outro,obrigatoria,3;4,,,,,,
,re01,gestao-si,robert,outros-cursos,-,,lcc3b,labprog2-t2,eliane,obrigatoria,2;2,,,,,,,,pre,intro-prob-ty,outro,obrigatoria,3;4,,re08,analise-sistemas-t1,franklin,obrigatoria,5;5
,re08,prog1-t3,wilkerson,obrigatoria,1;1,,pre,projeto-so,thiago,opt-especifica,-;-,,,,,,,,pre,metodos-estatisticos,outro,obrigatoria,4;5,,pre,analise-sistemas-t2,eliane,obrigatoria,5;5
,pre,economia-t4,outro,opt-geral,-;-,,pre,linear-t3,outro,obrigatoria,3;3,,,,,,,,lcc1,cdados,nazareno,opt-especifica,-;-,,pre,prog-concorrente,thiago,opt-especifica/obrigatória,-;6
,re03,so,fubica,obrigatoria,6;5,,,,,,,,,,,,,,pre,sociologia,outro,opt-geral,-;-,,,,,,
,re01,adm-si-t1,robert,outros-cursos,-,,,,,,,,,,,,,,,,,,,,pre,direito e cidadania,outro,obrigatoria,6;-
,,,,,,,,,,,,,,,,,,,,,,,,,,,,,
10,pre,fmcc2-t2,eanes,obrigatoria,-;2,,pre,fmcc1-t1,cwilson,obrigatoria,-;1,,re04,eda-t1,adalberto,obrigatoria,3;3,,re08,ic-t2,carlos,obrigatoria,1;1,,re08,bd2,carlos,obrigatoria,6;-
,lcc3b,labprog1-t2,dalton,obrigatoria,1;1,,pre,fmcc1-t2,eanes,obrigatoria,-;1,,pre,prog1-t2,dalton,obrigatoria,1;1,,re04,eda-t2,joao,obrigatoria,3;3,,re04,compiladores,franklin,obrigatoria,5;7
,lcc3c,labprog1-t3,joao,obrigatoria,1;1,,pre,percepcao-comp,herman,opt-especifica,-;-,,pre/lcc2,bd1-t2,campelo,obrigatoria,5;4,,pre,ic-t1,joseana,obrigatoria,1;1,,pre,prog2-t1,livia,obrigatoria,2;2
,lcc3a,labprog1-t1,jorge,obrigatoria,1;1,,pre,oac,joseana,obrigatoria,4;4,,,,,,,,lcc3a,labprog2-t1,livia,obrigatoria,2;2,,pre,prog2-t2,matheus,obrigatoria,2;2
,lcc1,cdados,nazareno,opt-especifica,-;-,,pre,tecprogdee-t1,eustaquio,outros-cursos,-,,pre,,,,,,pre,cnum-t2,bruno,outros-cursos,-,,pre,logica,tiago,obrigatoria,4;3
,cd107,adsd,reinaldo,obrigatoria/opt-especifica,7;-,,cd105,grafos-t2,patricia,obrigatoria,2;3,,pre,ingles,outro,opt-geral,-;-,,re01,icc-t1,roberto,outros-cursos,-,,pre,administracao-t3,adm,opt-geral,-;-
,pre,icc-t5,marcus,outros-cursos,-,,re02,empreendedorismo,robert,outros-cursos,-,,pre,prog1-t1,jorge,obrigatoria,1;1,,lcc3c,labprog2-t3,matheus/raquel,obrigatoria,2;2,,,,,,
,pre,fmcc2-t1,thiago,obrigatoria,-;2,,pre,atal,tiago,obrigatoria,5;7,,cd105,msn,antao,obrigatoria/opt-especifica,7;-,,cd107,irc,peter,"obrigatoria/opt-especifica",6;-,,pre,lpt,letras,obrigatoria,1;-
,lcc3d,labprog1-t4,wilkerson,obrigatoria,1;1,,pre,direito e cidadania,outro,"obrigatoria/opt-geral",6;-,,lcc1,rec-informacao,leandro,opt-especifica,-;-,,pre,redes,reinaldo,obrigatoria,5;5,,pre,lingua-portuguesa,letras,obrigatoria,-;1
,pre,calculo1-t2,mat,obrigatoria,1;2,,re04,analise-sistemas-t1,franklin,obrigatoria,5;5,,pre,ipdee-t2,marcelo,outros-cursos,-;-,,re16,loac-t3,elmar,obrigatoria,4;4,,lcc3,aplp,everton,opt-especifica,-;-
,pre,estatistica-aplicada,outro,obrigatoria,4;5,,pre,analise-sistemas-t2,eliane,obrigatoria,5;5,,pre,ipdee-t1,marcus,outros-cursos,-;-,,,,,,,,,,,,
,pre,intro-prob-tx,outro,obrigatoria,3;4,,pre,prog-concorrente,thiago,opt-especifica/obrigatória,-;6,,re03,so,fubica,obrigatoria,6;5,,lcc3b,labprog2-t2,eliane,obrigatoria,2;2,,,,,,
,pre,intro-prob-ty,outro,obrigatoria,3;4,,,,,,,,re08,prog1-t3,wilkerson,obrigatoria,1;1,,pre,projeto-so,thiago,opt-especifica,-;-,,,,,,
,pre,metodos-estatisticos,outro,obrigatoria,4;5,,,,,,,,cd107,fpcc2,nazareno,pos-graduacao,-,,pre,linear-t3,outro,obrigatoria,3;3,,,,,,
,,,,,,,,,,,,,pre,economia-t4,outro,opt-geral,-;-,,,,,,,,,,,,
,,,,,,,,,,,,,re01,gestao-si,robert,outros-cursos,-,,,,,,,,,,,,
,,,,,,,,,,,,,re01,adm-si-t1,robert,outros-cursos,-,,,,,,,,,,,,
,,,,,,,,,,,,,,,,,,,,,,,,,,,,,
12,,,,,,,,,,,,,,,,,,,,,,,,,,,,,
,,,,,,,,,,,,,,,,,,,,,,,,,,,,,
14,,,,,,,re08,bd1-t1,baptista,obrigatoria,5;4,,re08,infosoc,robert,"obrigatoria/opt-geral",5;-,,,,,,,,pre,tcomp-t1,andrey,obrigatoria,3;5
,pre,calculo2,mat,obrigatoria,2;3,,,,,,,,lcc3,Métodos e Estatística Aplicada (Práticas),,,,,,,,,,,,,,,
,cd107,fpcc1,fubica,pos-graduacao,-,,,,,,,,,,,,,,,,,,,,,,,,
,lcc1,emp-em-soft,hyggo,opt-especifica,-;-,,re16,loac-t2,elmar,obrigatoria,4;4,,,,,,,,lcc2,les,hyggo,obrigatoria,5;-,,cd105,plp-t2,everton,obrigatoria,4;4
,re08,economia-ti,antao,opt-especifica,-;-,,cd105,proj2,hyggo,obrigatoria,8;9,,,,,,,,cd107,gestao-projetos,wilkerson,opt-especifica,-;-,,pre,plp-t1,melina,obrigatoria,4;4
,pre,cnum-t1,marcus,outros-cursos,-,,pre,metodologia,nazareno/raquel,obrigatoria,2;6,,,,,,,,,,,,,,re08,ia,herman,obrigatoria,6;6
,pre,icc-t2,roberto,outros-cursos,-,,re05,ipdee-t3,roberto,outros-cursos,-,,,,,,,,,,,,,,re03,tcomp-t2,kyller,obrigatoria,3;5
,pre,es,rohit,obrigatoria,4;5,,,,,,,,,,,,,,,,,,,,pre,cnum-t4,bruno,outros-cursos,-
,pre,administracao-t1,adm,opt-geral,-;-,,pre,linear-t4,mat,obrigatoria,3;3,,,,,,,,lcc3a,leda-t1,adalberto,obrigatoria,3;3,,pre,tecprogdee-t2,eustaquio,outros-cursos,-
,pre,calculo1-t3,mat,obrigatoria,1;2,,pre,economia-t1,outro,opt-geral,-;-,,,,,,,,lcc3b,leda-t2,campelo,obrigatoria,3;3,,,,,,
,pre,calculo1-t4,mat,obrigatoria,1;2,,,,,,,,,,,,,,,,,,,,pre,grafos-t1,patricia,obrigatoria,2;3
,,,,,,,pre,icc-t4,eliane,outros-cursos,-,,,,,,,,,,,,,,re01,adm-si-t1,robert,outros-cursos,-
,pre,economia-t2,outro,opt-geral,-;-,,lcc3,aplicacoes-grafos-t1,everton,opt-especifica,-;-,,,,,,,,,,,,,,pre,administracao-t2,adm,opt-geral,-;-
,,,,,,,,,,,,,,,,,,,,,,,,,pre,economia-t3,outro,opt-geral,-;-
,re16,loac-t1,elmar,obrigatoria,4;4,,,,,,,,,,,,,,,,,,,,,,,,
,pre,prog-funcional,adalberto,opt-especifica,-;-,,,,,,,,,,,,,,,,,,,,,,,,
,pre/LCC3,psoft-t1,melina,obrigatoria,4;4,,,,,,,,,,,,,,,,,,,,,,,,
,pre/LCC3,psoft-t2,dalton,obrigatoria,4;4,,,,,,,,,,,,,,,,,,,,,,,,
,,,,,,,,,,,,,,,,,,,,,,,,,,,,,
16,,,,,,,pre,tcomp-t1,andrey,obrigatoria,3;5,,pre,prog-funcional,adalberto,opt-especifica,-;-,,re08,bd1-t1,baptista,obrigatoria,5;4,,lcc3,aplicacoes-grafos-t2,everton,opt-especifica,-;-
,,,,,,,,,,,,,pre,calculo2,mat,obrigatoria,2;3,,,,,,,,cd105,daca,matheus,opt-especifica,-;-
,lcc1,emp-em-soft,hyggo,opt-especifica,-;-,,cd105,plp-t2,everton,obrigatoria,4;4,,cd107,fpcc1,fubica,pos-graduacao,-,,,,,,,,,,,,
,cd107,fpcc3,leandro,pos-graduacao,-,,pre,plp-t1,melina,obrigatoria,4;4,,re08,economia-ti,antao,opt-especifica,-;-,,re16,loac-t2,elmar,obrigatoria,4;4,,,,,,
,re08,infosoc,robert,"obrigatoria/opt-geral",5;-,,re08,ia,herman,obrigatoria,6;6,,pre,cnum-t1,marcus,outros-cursos,-,,cd105,proj2,hyggo,obrigatoria,8;9,,,,,,
,,,,,,,re03,tcomp-t2,kyller,obrigatoria,3;5,,pre,icc-t2,roberto,outros-cursos,-,,pre,metodologia,nazareno/raquel,obrigatoria,2;6,,,,,,
,,,,,,,pre,cnum-t4,bruno,outros-cursos,-,,pre,es,rohit,obrigatoria,4;5,,re05,ipdee-t3,roberto,outros-cursos,-,,,,,,
,,,,,,,pre,tecprogdee-t2,eustaquio,outros-cursos,-,,pre,administracao-t1,adm,opt-geral,-;-,,,,,obrigatoria,-;6,,,,,,
,,,,,,,,,,,,,pre,calculo1-t3,mat,obrigatoria,1;2,,pre,linear-t4,mat,obrigatoria,3;3,,,,,,
,,,,,,,pre,grafos-t1,patricia,obrigatoria,2;3,,pre,calculo1-t4,mat,obrigatoria,1;2,,pre,economia-t1,outro,opt-geral,-;-,,,,,,
,lcc1,leda-t1,adalberto,obrigatoria,3;3,,re01,adm-si-t1,robert,outros-cursos,-,,,,,,,,,,,,,,,,,,
,lcc2,leda-t2,campelo,obrigatoria,3;3,,pre,administracao-t2,adm,opt-geral,-;-,,pre,economia-t2,outro,opt-geral,-;-,,pre,icc-t4,eliane,outros-cursos,-,,,,,,
,,,,,,,pre,economia-t3,outro,opt-geral,-;-,,,,,,,,,,,,,,,,,,
17,,,,,,,cd107,gestao-projetos,wilkerson,opt-especifica,-;-,,cd105,daca,matheus,opt-especifica,-;-,,,,,,,,,,,,
,,,,,,,,,,,,,re16,loac-t1,elmar,obrigatoria,,,,,,,,,,,,,
,,,,,,,,,,,,,pre/LCC3,psoft-t1,melina,obrigatoria,4;4,,,,,,,,,,,,
,,,,,,,,,,,,,pre/LCC3,psoft-t2,dalton,obrigatoria,4;4,,,,,,,,,,,,
,,,,,,,,,,,,,,,,,,,,,,,,,,,,,
18,pre,cnum-t3,marcelo,outros-cursos,-,,cd107,proj1,kyller,obrigatoria,7;8,,,,,,,,cd107,proj1,kyller,obrigatoria,8;7,,re08,seminarios,marcelo,obrigatoria,-;-
,cd107,estagio3,campelo,opt-especifica,-;-,,re04,jogos,marcelo,opt-especifica,-;-,,re04,jogos,marcelo,opt-especifica,-;-,,,,,,,,,,,,
,,,,,,,pre,futsal,outro,opt-geral,-;-,,pre,icc-t3,cwilson,outros-cursos,-,,pre,futsal,outro,opt-geral,-;-,,,,,,
,,,,,,,re08,aa1,rohit,opt-especifica,-;-,,,,,,,,re08,aa1,rohit,opt-especifica,-;-,,,,,,
,,,,,,,cd105,sad,baptista,opt-especifica,-;-,,,,,,,,cd105,sad,baptista,opt-especifica,-;-,,,,,,
,,,,,,,,,,,,,,,,,,,,,,,,,,,,,
20,cd105,didatica1,andrey,opt-especifica,-;-,,cd105,estagio1,campelo,opt-especifica,-;-,,cd105,didatica2,andrey,opt-especifica,-;-,,cd107,estagio3,campelo,opt-especifica,-;-,,pre,icc-t3,cwilson,outros-cursos,-
,,,,,,,,,,,,,pre,cnum-t3,marcelo,outros-cursos,-,,,,,,,,,,,,
